variable,feature,lag,cor_log_incidence,cor_cases,cor_outbreak,cor_large_outbreak,peak_lift,selection_score,selected
city_dengue_cases,city_dengue_cases_lag1,1,0.7491240072173487,0.7271709658288438,0.6459248036052675,0.3666735218337291,1.1991350405364216,0.666182589188092,TRUE
city_dengue_cases,city_dengue_cases_lag2,2,0.6998871751774466,0.674415338767427,0.5793551441251918,0.3369401817574884,1.1007150735284912,0.6151954111685963,TRUE
city_dengue_cases,city_dengue_cases_lag3,3,0.6547447466094165,0.6284786247711515,0.5369731684078596,0.2997190407021504,0.978067968427268,0.5713719193035491,FALSE
city_dengue_cases,city_dengue_cases_lag4,4,0.6082515685801717,0.5796070146252225,0.47735999589214173,0.26029377754084576,0.8484966043637436,0.5224131403958688,FALSE
city_dengue_cases,city_dengue_cases_lag5,5,0.5560029131502878,0.5255309551623348,0.4262582597852344,0.21975579357315622,0.7155785248952594,0.4714138462139181,FALSE
city_dengue_cases,city_dengue_cases_lag6,6,0.5081626863449883,0.47778239987451543,0.38290781260770557,0.18702821383122087,0.6083503361790402,0.4266152163574144,FALSE
city_dengue_cases,city_dengue_cases_lag7,7,0.46422985296650837,0.43359189061173803,0.33540794859777606,0.14835587596576416,0.48203664377509625,0.3825091371008493,FALSE
city_dengue_cases,city_dengue_cases_lag8,8,0.4227007311151488,0.39193274855432236,0.29520580482603176,0.11928212236270275,0.3871491819274212,0.3429469400235324,FALSE
city_dengue_cases,city_dengue_cases_lag9,9,0.38298373691197757,0.35191835535014127,0.24914189469055573,0.10303694917121405,0.3340586119537577,0.3053195319120297,FALSE
city_dengue_cases,city_dengue_cases_lag10,10,0.345383088909832,0.3157174461432966,0.2004510403821217,0.0892185081937754,0.28894177347380867,0.2694270700817955,FALSE
city_dengue_cases,city_dengue_cases_lag11,11,0.30239383648205453,0.2702067303146036,0.1652876531955188,0.04555597579611473,0.14737554528041866,0.22696924916982236,FALSE
city_dengue_cases,city_dengue_cases_lag12,12,0.2601942974879806,0.2245521724232007,0.12634200315739438,0.02289548443810562,0.07398668990359886,0.1872247164214362,FALSE
city_dengue_cases,city_dengue_cases_lag13,13,0.2170425648627322,0.17765248470091202,0.09275335906765281,8.239128222429827e-4,0.0026595472012800035,0.14793803199467273,FALSE
city_dengue_cases,city_dengue_cases_lag14,14,0.18115666387981175,0.13958278184338466,0.06153775746884797,0.031453889795828915,0.10141973430790367,0.12242293628943371,FALSE
city_dengue_cases,city_dengue_cases_lag15,15,0.14229594090244949,0.10009090679584105,0.030844699365341805,0.046508786171295675,0.14979722293978986,0.09314729022713739,FALSE
city_dengue_cases,city_dengue_cases_lag16,16,0.11291155985754238,0.07127780849628645,5.436878746386115e-4,0.04313360957598065,0.13877274791814273,0.0676373661635206,FALSE
city_dengue_cases,city_dengue_cases_lag17,17,0.08765905246903732,0.046660046694323803,0.016146029536906956,0.060179600746986264,0.19339991981315643,0.05714918035142615,FALSE
city_dengue_cases,city_dengue_cases_lag18,18,0.06389008268342669,0.023409556162579843,0.02322138758958807,0.08175996328429129,0.26246128334437047,0.04657902435672621,FALSE
city_dengue_cases,city_dengue_cases_lag20,20,0.011571550557872052,0.02751836577840424,0.06781685664098187,0.10315386225570458,0.3304015632094359,0.04169100270270059,FALSE
city_dengue_cases,city_dengue_cases_lag19,19,0.03878252138345412,0.001105346917661153,0.041640806922794586,0.0970372092941247,0.31115687223921834,0.037123316744132315,FALSE
city_incidence_10000,city_incidence_10000_lag1,1,0.7497495488748172,0.7281309063121844,0.6457917440391239,0.3700212675006508,1.2100831947841162,0.6671801428041331,TRUE
city_incidence_10000,city_incidence_10000_lag2,2,0.7007497891293917,0.6755572630880081,0.5793919796579365,0.34026255502447056,1.1115685893950746,0.6163603997123085,TRUE
city_incidence_10000,city_incidence_10000_lag3,3,0.6557592018105693,0.6297492411260937,0.5371417199662519,0.30290448857504937,0.9884629835332401,0.5726336688811701,FALSE
city_incidence_10000,city_incidence_10000_lag4,4,0.6094111487363933,0.580992132737507,0.4779133354291355,0.26339159693335484,0.8585947666312855,0.5238232814353404,FALSE
city_incidence_10000,city_incidence_10000_lag5,5,0.5574226056332251,0.5271344377995643,0.4270420806475412,0.22297364912208784,0.7260566469100475,0.47304496846838245,FALSE
city_incidence_10000,city_incidence_10000_lag6,6,0.5098218983506907,0.47959116067039287,0.38375102412907297,0.1901577332394337,0.6185297840901577,0.42838982050845353,FALSE
city_incidence_10000,city_incidence_10000_lag7,7,0.4661257362695631,0.43560420399300176,0.3364382284154876,0.15142533904759362,0.4920099160279187,0.3844556137472364,FALSE
city_incidence_10000,city_incidence_10000_lag8,8,0.4246834115169871,0.3940065712258616,0.29602163483696003,0.1220933803146471,0.39627356790937296,0.3448593898627169,FALSE
city_incidence_10000,city_incidence_10000_lag9,9,0.3850498099735085,0.35401859419853604,0.2499083566340672,0.10576468922108428,0.3429022839971234,0.3072461900658294,FALSE
city_incidence_10000,city_incidence_10000_lag10,10,0.3475766691800493,0.3178851543603681,0.20132641438738696,0.09172856990824353,0.2970708225582734,0.27140670076540063,FALSE
city_incidence_10000,city_incidence_10000_lag11,11,0.30466354195217366,0.27237530692865075,0.16600629560414104,0.04787627694880956,0.15488181922291588,0.22891508223128043,FALSE
city_incidence_10000,city_incidence_10000_lag12,12,0.26255311612604476,0.2267260327831242,0.1270729111218871,0.024963574374802514,0.08066971623176211,0.18916683541143997,FALSE
city_incidence_10000,city_incidence_10000_lag13,13,0.21949033239907897,0.17983207230599876,0.09336613813231723,0.0011427238489537706,0.0036886523991989262,0.14962021558282274,FALSE
city_incidence_10000,city_incidence_10000_lag14,14,0.18372690447888784,0.14181658208015238,0.0621322668016477,0.029580635935765667,0.09537962557242972,0.12382356857176972,FALSE
city_incidence_10000,city_incidence_10000_lag15,15,0.1449737846562576,0.10233758565277139,0.031405660065948415,0.044908748958297655,0.14464376348197444,0.09462483662590726,FALSE
city_incidence_10000,city_incidence_10000_lag16,16,0.11575138492290546,0.07363793299935337,6.262307607357573e-5,0.041478245716254414,0.1334469844389151,0.06898883021697831,FALSE
city_incidence_10000,city_incidence_10000_lag17,17,0.09049224112026372,0.04895384581012411,0.015832995521816714,0.05879772104733309,0.18895895574101754,0.05855412527324315,FALSE
city_incidence_10000,city_incidence_10000_lag18,18,0.06689796587750943,0.025818149355605162,0.022879508867833794,0.08057863695620326,0.2586690548256984,0.04810464924675858,FALSE
city_incidence_10000,city_incidence_10000_lag20,20,0.015114322517712777,0.024603130735105894,0.06699424645196111,0.10171413346053926,0.3257901148536299,0.04167104998573789,FALSE
city_incidence_10000,city_incidence_10000_lag19,19,0.04194873838704809,0.0014492458202013303,0.04109528253321343,0.095718081516087,0.3069269924513352,0.03802314671396753,FALSE
target_log_incidence_city,target_log_incidence_city_lag1,1,0.7778042630714183,0.7469034261328782,0.6409669939739465,0.36817872858597,1.2040575249656578,0.6813814169843404,TRUE
target_log_incidence_city,target_log_incidence_city_lag2,2,0.7305945212022605,0.6974396256484644,0.5828120344681206,0.33875976490151616,1.106659278082795,0.6338226748004863,TRUE
target_log_incidence_city,target_log_incidence_city_lag3,3,0.6848264079679242,0.6516303001156701,0.5413806168875084,0.30660820881086265,1.0005492684172392,0.5907910982223497,FALSE
target_log_incidence_city,target_log_incidence_city_lag4,4,0.6394738591990433,0.604531052807981,0.487042748373419,0.26870130886273547,0.8759031797086256,0.5440522334514939,FALSE
target_log_incidence_city,target_log_incidence_city_lag5,5,0.58742589776378,0.551119706630232,0.43880085380666917,0.22639975157736636,0.7372128720826604,0.49362200332684075,FALSE
target_log_incidence_city,target_log_incidence_city_lag6,6,0.5394051898933053,0.503248658056761,0.39663004488727915,0.19392855040731338,0.630795194105687,0.4489985311329671,FALSE
target_log_incidence_city,target_log_incidence_city_lag7,7,0.49625679832281017,0.4602623862066855,0.3485025908285937,0.1612121539233979,0.5238091504753273,0.40632048134096993,FALSE
target_log_incidence_city,target_log_incidence_city_lag8,8,0.45400279630810797,0.41812904882224217,0.3075066759247421,0.13236900716910463,0.42962475561978836,0.36623834185003246,FALSE
target_log_incidence_city,target_log_incidence_city_lag9,9,0.413416393272651,0.3770967341946175,0.26142856286016075,0.11340734317173885,0.367680718672951,0.3275792167709017,FALSE
target_log_incidence_city,target_log_incidence_city_lag10,10,0.3759013945667845,0.34120515424645015,0.2170934510526695,0.09866281322669809,0.31952796245354226,0.29253747194640567,FALSE
target_log_incidence_city,target_log_incidence_city_lag11,11,0.33344301010397026,0.29710768966002893,0.18230752396411495,0.06093753246710538,0.19713554345117462,0.25167821086478476,FALSE
target_log_incidence_city,target_log_incidence_city_lag12,12,0.2936819865156045,0.25426690941777663,0.14682537209645866,0.037170527573758556,0.1201164489707292,0.21415283609864097,FALSE
target_log_incidence_city,target_log_incidence_city_lag13,13,0.25191036144761797,0.2087957368807637,0.11378787632851017,0.01217399603796217,0.0392970179749859,0.17543727273997672,FALSE
target_log_incidence_city,target_log_incidence_city_lag14,14,0.21569958300987888,0.17026232748741876,0.08252855498888637,0.020147992101387707,0.06496506512754151,0.1461768135930583,FALSE
target_log_incidence_city,target_log_incidence_city_lag15,15,0.1765214851181006,0.13054279562812776,0.05009950750442475,0.03893832966541106,0.12541401552220177,0.11694932653923629,FALSE
target_log_incidence_city,target_log_incidence_city_lag16,16,0.14524225235921095,0.09916825184126501,0.01595270242326663,0.03779362959509498,0.12159255548556115,0.08958170991369217,FALSE
target_log_incidence_city,target_log_incidence_city_lag17,17,0.11824957728271913,0.07236033374888808,0.0015391820150894148,0.05671655140936102,0.1822706751599637,0.07211278830357151,FALSE
target_log_incidence_city,target_log_incidence_city_lag18,18,0.09468455256971361,0.049009539623415005,0.010970061140246876,0.07568047293947908,0.24294524103672147,0.06165360215903357,FALSE
target_log_incidence_city,target_log_incidence_city_lag19,19,0.07249826836395054,0.02746012124892991,0.025772172607327726,0.088632396591773,0.28420622783344845,0.05236687494659531,FALSE
target_log_incidence_city,target_log_incidence_city_lag20,20,0.04673290140778919,0.0025047685943617765,0.050370586518470734,0.0931741150039099,0.2984364567149757,0.04147341582036948,FALSE
city_area_weighted_rainfall,city_area_weighted_rainfall_lag19,19,0.12775607660000152,0.12317265956560083,0.14885998279899934,0.07247761845437639,0.23240475720307308,0.12255959570496949,TRUE
city_area_weighted_rainfall,city_area_weighted_rainfall_lag20,20,0.12065110388459398,0.11913133025845998,0.15379178886529427,0.04180776498009661,0.13391016682931373,0.1151382558220363,TRUE
city_area_weighted_rainfall,city_area_weighted_rainfall_lag16,16,0.10618265151600492,0.10298425255641537,0.11803159635317774,0.09066259690939596,0.29168664135053496,0.1055932267816104,FALSE
city_area_weighted_rainfall,city_area_weighted_rainfall_lag17,17,0.10554445248526531,0.1049304197662698,0.1041650713462872,0.09334234384463531,0.2999754333809453,0.10358652350979386,FALSE
city_area_weighted_rainfall,city_area_weighted_rainfall_lag18,18,0.10082706190096312,0.1011652637141299,0.10823748613941256,0.10321543148199755,0.33133643313385613,0.10313036504122258,FALSE
city_area_weighted_rainfall,city_area_weighted_rainfall_lag3,3,0.07941300261975552,0.08783349362208716,0.06732402968632784,0.11279061880113395,0.36806767808396107,0.08502292812231889,FALSE
city_area_weighted_rainfall,city_area_weighted_rainfall_lag15,15,0.09018224237663275,0.07985388552937177,0.10807693636948344,0.04850603850527822,0.1562300473110124,0.08458977573690772,FALSE
city_area_weighted_rainfall,city_area_weighted_rainfall_lag2,2,0.07629194131273567,0.07972813804748306,0.07965615978752388,0.07188961192528323,0.234848746931147,0.07765495980592128,FALSE
city_area_weighted_rainfall,city_area_weighted_rainfall_lag1,1,0.08061096626971134,0.085176519216344,0.07333533946668958,0.05107345914885159,0.1670258986814434,0.0763249727455493,FALSE
city_area_weighted_rainfall,city_area_weighted_rainfall_lag14,14,0.08133984208853116,0.06914833691651537,0.10248180040683548,0.04138529246442548,0.13344248972869543,0.07607237662922842,FALSE
city_area_weighted_rainfall,city_area_weighted_rainfall_lag5,5,0.0629464113965347,0.07796932332957893,0.06577116139180812,0.0854607915073553,0.27828120537368223,0.07176037250631935,FALSE
city_area_weighted_rainfall,city_area_weighted_rainfall_lag6,6,0.04304421444752681,0.055849359569544885,0.07058944428154831,0.10486659600340761,0.3411016318123934,0.0621098585810215,FALSE
city_area_weighted_rainfall,city_area_weighted_rainfall_lag4,4,0.061190699752799615,0.06883106061726053,0.056393169237970775,0.04840947884381567,0.15780353570560163,0.060815703759060445,FALSE
city_area_weighted_rainfall,city_area_weighted_rainfall_lag13,13,0.05530127223078032,0.04798637888266994,0.05405524012422299,0.047171548020557154,0.15226727286134686,0.05181734965349685,FALSE
city_area_weighted_rainfall,city_area_weighted_rainfall_lag12,12,0.06177837468304146,0.055156168840217894,0.029110379707179602,0.037256189498568834,0.12039326561876891,0.04972353110940216,FALSE
city_area_weighted_rainfall,city_area_weighted_rainfall_lag11,11,0.0604192481738165,0.04713745923059822,0.025412167753105366,0.0033440504194504326,0.010818147244142404,0.040885115676650395,FALSE
city_area_weighted_rainfall,city_area_weighted_rainfall_lag7,7,0.022129990203776824,0.027924914667865494,0.05627226482421127,0.043765228979749396,0.14220160781746777,0.03412397363145652,FALSE
city_area_weighted_rainfall,city_area_weighted_rainfall_lag10,10,0.03638838815166936,0.021831950489765703,0.01231766572073636,0.004200662745764988,0.013604205765171403,0.02239585718149061,FALSE
city_area_weighted_rainfall,city_area_weighted_rainfall_lag9,9,0.028587130127811538,0.018788042426694546,0.005580656082738161,0.003221954240027632,0.010445976611908239,0.01725433452349127,FALSE
city_area_weighted_rainfall,city_area_weighted_rainfall_lag8,8,0.007140134958614048,0.002802071408083443,0.04789367792348833,0.01907914952953278,0.06192442744930464,0.015858392986412638,FALSE
city_area_weighted_rh,city_area_weighted_rh_lag19,19,0.27484448473017453,0.2872109088720121,0.34041240100521464,0.23162783315582658,0.7427315005045657,0.285982964175533,TRUE
city_area_weighted_rh,city_area_weighted_rh_lag20,20,0.2730320518202493,0.28383420645192803,0.31852228199778476,0.1945926155624282,0.6232796614984226,0.2742631923867725,TRUE
city_area_weighted_rh,city_area_weighted_rh_lag18,18,0.2555281984842404,0.27158468201854774,0.2989808453293534,0.24452783377458984,0.7849696412029906,0.26824205387176125,FALSE
city_area_weighted_rh,city_area_weighted_rh_lag17,17,0.23992061878192078,0.25218581712371085,0.2731715323868602,0.22855729935889232,0.7345173913581549,0.24935995464668273,FALSE
city_area_weighted_rh,city_area_weighted_rh_lag16,16,0.21631286971295036,0.2224646982080493,0.25338115886145773,0.19123486497360181,0.6152554344967552,0.22250288937321172,FALSE
city_area_weighted_rh,city_area_weighted_rh_lag15,15,0.19550485871313042,0.19432384466006178,0.2537425174724553,0.13262557077669015,0.42716535566408187,0.19785433711417563,FALSE
city_area_weighted_rh,city_area_weighted_rh_lag14,14,0.1703803066841817,0.16728147010058453,0.22421348908353772,0.1233199912926884,0.3976322429011074,0.17361944936396714,FALSE
city_area_weighted_rh,city_area_weighted_rh_lag13,13,0.14742997022880394,0.14648154652820913,0.18914799773026142,0.08414890574719774,0.2716282362069015,0.1463165809294312,FALSE
city_area_weighted_rh,city_area_weighted_rh_lag12,12,0.13479423208778094,0.13427888022997267,0.1443655175700225,0.10496974337351218,0.3392094135666444,0.13248521337718158,FALSE
city_area_weighted_rh,city_area_weighted_rh_lag1,1,0.14229080936900196,0.14639988988308927,0.10801786901184206,0.09716609885265552,0.3177629878037806,0.1303379837284411,FALSE
city_area_weighted_rh,city_area_weighted_rh_lag2,2,0.13388380595422716,0.1345524035588903,0.12313556335712937,0.06289631550462227,0.205469475799757,0.12156628863686399,FALSE
city_area_weighted_rh,city_area_weighted_rh_lag3,3,0.1246268449477768,0.1234967452868443,0.0838076322341609,0.0927768631027227,0.30275713470916127,0.1117535843200323,FALSE
city_area_weighted_rh,city_area_weighted_rh_lag4,4,0.10490239689927845,0.09908489052986977,0.08346379189877053,0.01608966895838674,0.05244854333753619,0.08561717373826011,FALSE
city_area_weighted_rh,city_area_weighted_rh_lag5,5,0.10497704295522757,0.09818963276173302,0.08034186021270583,0.0216235410262174,0.07041152969692945,0.08560310650296127,FALSE
city_area_weighted_rh,city_area_weighted_rh_lag11,11,0.08904381118366705,0.08488348379157436,0.08358067756305138,0.046068947558453165,0.1490350309909696,0.0804373265033942,FALSE
city_area_weighted_rh,city_area_weighted_rh_lag6,6,0.07593792832603631,0.07046854091869875,0.07182151176582052,0.04186369514018623,0.13617086150682572,0.06853902341535216,FALSE
city_area_weighted_rh,city_area_weighted_rh_lag7,7,0.05048437848746789,0.044702890118644235,0.03974802636619977,0.005464835898472253,0.017756298071972834,0.03987242667049376,FALSE
city_area_weighted_rh,city_area_weighted_rh_lag10,10,0.03990287175542899,0.03778272054412459,0.044062097975974435,0.03398938231427669,0.11007752315777668,0.03934680449022302,FALSE
city_area_weighted_rh,city_area_weighted_rh_lag8,8,0.028147764335295734,0.025328248569109698,0.018486845966249332,0.03174747259575572,0.1030414935284051,0.02603966676638527,FALSE
city_area_weighted_rh,city_area_weighted_rh_lag9,9,0.011748965135819092,0.010152298008883773,8.880487450959388e-4,0.013996802393058234,0.04537937521658347,0.009491440108803217,FALSE
city_area_weighted_temp_c,city_area_weighted_temp_c_lag11,11,0.31959172099292105,0.3211888430805948,0.3132913735209281,0.21886519976300878,0.7080383539312667,0.3045591891843751,TRUE
city_area_weighted_temp_c,city_area_weighted_temp_c_lag10,10,0.3130292760608739,0.31362409181663997,0.3086370993802825,0.21357257263930507,0.6916730515860723,0.29826003549938607,TRUE
city_area_weighted_temp_c,city_area_weighted_temp_c_lag12,12,0.30692332221780205,0.31001718148197693,0.3242230019627672,0.21174906539472627,0.6842664744617755,0.29785226539387943,FALSE
city_area_weighted_temp_c,city_area_weighted_temp_c_lag9,9,0.3089180620572686,0.3112542051476577,0.29086155274734826,0.20928552579357668,0.6785297188663358,0.29190727504094094,FALSE
city_area_weighted_temp_c,city_area_weighted_temp_c_lag13,13,0.285964196024055,0.29130867150649026,0.3273907174435765,0.18117378750429117,0.584819444294783,0.28082258303775715,FALSE
city_area_weighted_temp_c,city_area_weighted_temp_c_lag8,8,0.2925582947781704,0.29911610976512987,0.265152686219023,0.21782687314586155,0.7069919109045975,0.27872665917536604,FALSE
city_area_weighted_temp_c,city_area_weighted_temp_c_lag7,7,0.27876729912302334,0.2871077689389565,0.24365113811096265,0.23103483435894023,0.7506764074806179,0.26804586989084195,FALSE
city_area_weighted_temp_c,city_area_weighted_temp_c_lag14,14,0.2591235339032665,0.26454757242567956,0.30852775954626954,0.1697775208239969,0.5474296229152872,0.25786463963408884,FALSE
city_area_weighted_temp_c,city_area_weighted_temp_c_lag15,15,0.24168394845713184,0.2504035133400246,0.3014897787877447,0.14268721305574006,0.4595722657045093,0.24193665078686827,FALSE
city_area_weighted_temp_c,city_area_weighted_temp_c_lag6,6,0.2492434887124996,0.2547108414918393,0.2169211111407037,0.17126477335609888,0.5570762836856628,0.23344377778877168,FALSE
city_area_weighted_temp_c,city_area_weighted_temp_c_lag16,16,0.2253929027259064,0.24002840131116449,0.2795040287182983,0.15739938399920628,0.5063973366349529,0.23097673610157943,FALSE
city_area_weighted_temp_c,city_area_weighted_temp_c_lag17,17,0.19858158790623068,0.2167257582626832,0.2669899131449276,0.15146954348867864,0.4867795259815666,0.21117921232353182,FALSE
city_area_weighted_temp_c,city_area_weighted_temp_c_lag5,5,0.2136690044533855,0.2171053494714516,0.19573135578356687,0.15243334640510903,0.49636019712482715,0.2025780321494251,FALSE
city_area_weighted_temp_c,city_area_weighted_temp_c_lag18,18,0.17401400963761635,0.19357408962512027,0.23065216084557424,0.1249689429100261,0.40116834417070096,0.18429059579033094,FALSE
city_area_weighted_temp_c,city_area_weighted_temp_c_lag4,4,0.18172351375545087,0.18694432522923102,0.16311805822249545,0.13576559480699776,0.4425639641290377,0.17326276457719328,FALSE
city_area_weighted_temp_c,city_area_weighted_temp_c_lag19,19,0.1572104799960272,0.1768848274556218,0.22088048930288448,0.10636494112391764,0.3410669225987364,0.16858615691824366,FALSE
city_area_weighted_temp_c,city_area_weighted_temp_c_lag20,20,0.13571120757653413,0.15808504827253303,0.19177045310771776,0.10478529104460493,0.3356270250954777,0.14935084061114218,FALSE
city_area_weighted_temp_c,city_area_weighted_temp_c_lag3,3,0.1419354946142399,0.14683489209665773,0.14070871255896783,0.10138094508074319,0.33083468646218306,0.13752163920488555,FALSE
city_area_weighted_temp_c,city_area_weighted_temp_c_lag2,2,0.09781665433265029,0.10669378713031193,0.09701507899642631,0.08860992239201966,0.2894706015753903,0.09933248322026489,FALSE
city_area_weighted_temp_c,city_area_weighted_temp_c_lag1,1,0.04987299911596519,0.06019908499112286,0.06998713526791182,0.06243460494514162,0.2041803347437669,0.05915916831508399,FALSE
city_area_weighted_u_component_of_wind_10m,city_area_weighted_u_component_of_wind_10m_lag4,4,0.3133926226998135,0.33081596328430796,0.31809439089748415,0.2578656154541594,0.8405813656413227,0.3123473360824952,TRUE
city_area_weighted_u_component_of_wind_10m,city_area_weighted_u_component_of_wind_10m_lag5,5,0.3094126889712515,0.3295209985444884,0.2965743043205061,0.2781530466605541,0.9057342402475882,0.3093764769042343,TRUE
city_area_weighted_u_component_of_wind_10m,city_area_weighted_u_component_of_wind_10m_lag3,3,0.31201128032538544,0.32555011338987927,0.31593673164736497,0.23004857837921386,0.7507135518087096,0.30557307882838824,FALSE
city_area_weighted_u_component_of_wind_10m,city_area_weighted_u_component_of_wind_10m_lag2,2,0.30823569616184276,0.31912528533410484,0.31426162609167896,0.24491783674604184,0.8000967802377142,0.30429913448711166,FALSE
city_area_weighted_u_component_of_wind_10m,city_area_weighted_u_component_of_wind_10m_lag6,6,0.2924925691494201,0.3097300956460392,0.29569402837578507,0.21638364863867782,0.7038353339062144,0.2877991873335705,FALSE
city_area_weighted_u_component_of_wind_10m,city_area_weighted_u_component_of_wind_10m_lag1,1,0.29330578594917495,0.30134787515976863,0.31306112579241246,0.20264789721207577,0.6627208670799246,0.28698375029449735,FALSE
city_area_weighted_u_component_of_wind_10m,city_area_weighted_u_component_of_wind_10m_lag7,7,0.29624575331365616,0.308278670312235,0.302682153161952,0.1920375484940592,0.6239667603947001,0.2863092462418248,FALSE
city_area_weighted_u_component_of_wind_10m,city_area_weighted_u_component_of_wind_10m_lag8,8,0.282585452946247,0.29054303971408646,0.2803750141790364,0.15239032009235332,0.494607126041343,0.26562530739114404,FALSE
city_area_weighted_u_component_of_wind_10m,city_area_weighted_u_component_of_wind_10m_lag9,9,0.27042099702687317,0.27979859738243507,0.2774913755101279,0.15543264776751858,0.5039319871075982,0.2580273345047069,FALSE
city_area_weighted_u_component_of_wind_10m,city_area_weighted_u_component_of_wind_10m_lag10,10,0.25659535787419313,0.2613468110298671,0.2555737342469251,0.15193765948474186,0.492063111761824,0.242721983225484,FALSE
city_area_weighted_u_component_of_wind_10m,city_area_weighted_u_component_of_wind_10m_lag11,11,0.24389934444671418,0.24333755385102637,0.2653845019623598,0.11756437353675436,0.38032581554185574,0.22953813805016954,FALSE
city_area_weighted_u_component_of_wind_10m,city_area_weighted_u_component_of_wind_10m_lag12,12,0.2483272144484101,0.24497748500760613,0.25759449108779375,0.11054648378882125,0.3572306335908481,0.22893516104884704,FALSE
city_area_weighted_u_component_of_wind_10m,city_area_weighted_u_component_of_wind_10m_lag13,13,0.21871272564960761,0.21410365266512804,0.21250496146149345,0.07590175824789157,0.24500687836918697,0.19495516586680872,FALSE
city_area_weighted_u_component_of_wind_10m,city_area_weighted_u_component_of_wind_10m_lag14,14,0.18758212829461485,0.18261599659695393,0.1872733419182337,0.04753892745240974,0.1532842335415359,0.16520184223678136,FALSE
city_area_weighted_u_component_of_wind_10m,city_area_weighted_u_component_of_wind_10m_lag15,15,0.1559932754304441,0.14895366196463847,0.16433612910094914,0.02550365727438432,0.08214312492820192,0.13607038861981194,FALSE
city_area_weighted_u_component_of_wind_10m,city_area_weighted_u_component_of_wind_10m_lag16,16,0.1292876210077144,0.12058819327196225,0.1300053271467807,6.685020388664031e-4,0.002150755890616285,0.10753088689904176,FALSE
city_area_weighted_u_component_of_wind_10m,city_area_weighted_u_component_of_wind_10m_lag17,17,0.10426223326233905,0.09664922824917328,0.11137185212567342,0.005143020951695915,0.016528189400478857,0.08855069246021624,FALSE
city_area_weighted_u_component_of_wind_10m,city_area_weighted_u_component_of_wind_10m_lag18,18,0.0778576138265143,0.06725339962800576,0.06966918157711169,0.0033469990198921294,0.010744349953404371,0.06187379344431669,FALSE
city_area_weighted_u_component_of_wind_10m,city_area_weighted_u_component_of_wind_10m_lag19,19,0.0394741295293408,0.024040119223787976,0.052604041492232245,0.07426659976863711,0.23814125584585438,0.042944470308480066,FALSE
city_area_weighted_u_component_of_wind_10m,city_area_weighted_u_component_of_wind_10m_lag20,20,0.0029654916894723635,0.016325579698889137,0.011667993199677363,0.11005187475524979,0.35249587985568365,0.025149313447370585,FALSE
city_area_weighted_v_component_of_wind_10m,city_area_weighted_v_component_of_wind_10m_lag5,5,0.28715163902760815,0.3018917194470931,0.29031096325096956,0.2363053537242652,0.7694679335535297,0.2855877830756367,TRUE
city_area_weighted_v_component_of_wind_10m,city_area_weighted_v_component_of_wind_10m_lag7,7,0.28756929890083543,0.3019313575628638,0.2805406032795537,0.21221703372434997,0.6895337712559847,0.2800507154334304,TRUE
city_area_weighted_v_component_of_wind_10m,city_area_weighted_v_component_of_wind_10m_lag4,4,0.27407028964623115,0.2878380526735085,0.27785800517731335,0.2166451548230711,0.706212341583864,0.27128233938906765,FALSE
city_area_weighted_v_component_of_wind_10m,city_area_weighted_v_component_of_wind_10m_lag6,6,0.27522390401653485,0.288313638043921,0.28471878154186814,0.17444748722926284,0.5674287599719546,0.26666810884979597,FALSE
city_area_weighted_v_component_of_wind_10m,city_area_weighted_v_component_of_wind_10m_lag8,8,0.27639180989750795,0.28967163391216333,0.2562603022322607,0.19772920950346323,0.6417617338783845,0.2653596339325483,FALSE
city_area_weighted_v_component_of_wind_10m,city_area_weighted_v_component_of_wind_10m_lag9,9,0.26407883353441153,0.2778795083042067,0.2641637940015455,0.19094270951774142,0.6190600264153232,0.2580361410873113,FALSE
city_area_weighted_v_component_of_wind_10m,city_area_weighted_v_component_of_wind_10m_lag3,3,0.2598947889591637,0.27479964910327825,0.2561756436221695,0.207374821463721,0.6767226725596129,0.25665439294682363,FALSE
city_area_weighted_v_component_of_wind_10m,city_area_weighted_v_component_of_wind_10m_lag10,10,0.2559559054455593,0.2655629572202048,0.25601318603212553,0.16846099245723342,0.5455753395282054,0.24639511284962573,FALSE
city_area_weighted_v_component_of_wind_10m,city_area_weighted_v_component_of_wind_10m_lag2,2,0.24553882652997366,0.26011192062397503,0.23924223862454963,0.21332115847598726,0.6968768560247629,0.24476734331227132,FALSE
city_area_weighted_v_component_of_wind_10m,city_area_weighted_v_component_of_wind_10m_lag11,11,0.2448682313336186,0.24988477844622625,0.2437102776541003,0.1454309764812583,0.47047547715671983,0.23179572563219228,FALSE
city_area_weighted_v_component_of_wind_10m,city_area_weighted_v_component_of_wind_10m_lag12,12,0.23958392236985082,0.2459100482147948,0.24744501820340215,0.1584165897254877,0.5119227385663622,0.23149009554988814,FALSE
city_area_weighted_v_component_of_wind_10m,city_area_weighted_v_component_of_wind_10m_lag1,1,0.22898873543058776,0.24323252654418479,0.24922253438093425,0.17915940531248187,0.5859062840993167,0.23064136750638478,FALSE
city_area_weighted_v_component_of_wind_10m,city_area_weighted_v_component_of_wind_10m_lag13,13,0.214207148795635,0.2203104485739677,0.22074106181443462,0.13066989042340554,0.42179552475656246,0.2053107634684994,FALSE
city_area_weighted_v_component_of_wind_10m,city_area_weighted_v_component_of_wind_10m_lag14,14,0.18086027956708453,0.18612207261169803,0.20104392720835063,0.08974726604378881,0.28938054822566917,0.17314424081513247,FALSE
city_area_weighted_v_component_of_wind_10m,city_area_weighted_v_component_of_wind_10m_lag15,15,0.1582931395108364,0.1595841765117589,0.17408602470940845,0.05042447070843231,0.16240900480892911,0.1458443205418608,FALSE
city_area_weighted_v_component_of_wind_10m,city_area_weighted_v_component_of_wind_10m_lag16,16,0.13235747929907107,0.1344286696031254,0.14473275450550957,0.034047678609643195,0.10954079580232955,0.12083071732771755,FALSE
city_area_weighted_v_component_of_wind_10m,city_area_weighted_v_component_of_wind_10m_lag17,17,0.09503089828725264,0.09648044179835645,0.1275692335021674,0.014179484178427834,0.04556878191005899,0.0898962217568226,FALSE
city_area_weighted_v_component_of_wind_10m,city_area_weighted_v_component_of_wind_10m_lag18,18,0.06649748046056243,0.06510177012816279,0.06911180742270882,0.00773238099347627,0.02482205906687706,0.057813949767983035,FALSE
city_area_weighted_v_component_of_wind_10m,city_area_weighted_v_component_of_wind_10m_lag19,19,0.03839575866617448,0.034689175086189857,0.0434508503721597,0.040800394821707116,0.130829434662417,0.038795968193327625,FALSE
city_area_weighted_v_component_of_wind_10m,city_area_weighted_v_component_of_wind_10m_lag20,20,0.014339978636305,0.009699436356418928,0.037752492559567793,0.0505163383984146,0.16180370566852528,0.023227684209196204,FALSE
city_area_weighted_wind_speed_10m,city_area_weighted_wind_speed_10m_lag11,11,0.12564472978691887,0.1373107235647056,0.16075583110660627,0.13471430755329114,0.435806591099792,0.13805491265648018,TRUE
city_area_weighted_wind_speed_10m,city_area_weighted_wind_speed_10m_lag10,10,0.127313788937604,0.13554541156968652,0.14203528701902265,0.14769023558675137,0.47830746582690836,0.13637132165866214,TRUE
city_area_weighted_wind_speed_10m,city_area_weighted_wind_speed_10m_lag9,9,0.12056070361301854,0.1262563175279199,0.1227345606011841,0.13605537782043509,0.4411084663370728,0.12557739919749736,FALSE
city_area_weighted_wind_speed_10m,city_area_weighted_wind_speed_10m_lag8,8,0.11384777411949831,0.12038941657844361,0.1270290605473118,0.13635881966044633,0.4425743304163522,0.12238147883113701,FALSE
city_area_weighted_wind_speed_10m,city_area_weighted_wind_speed_10m_lag12,12,0.0996646535227654,0.10539101363769471,0.14286296061146084,0.05060631824264291,0.1635341668324954,0.10285872621804101,FALSE
city_area_weighted_wind_speed_10m,city_area_weighted_wind_speed_10m_lag7,7,0.10042112428298848,0.10430785608644833,0.08634468063513459,0.10769593586438614,0.3499247137345898,0.10031035860068914,FALSE
city_area_weighted_wind_speed_10m,city_area_weighted_wind_speed_10m_lag6,6,0.0950453341266892,0.1000312727331289,0.0835655539154525,0.12946370220843967,0.4211091208173415,0.09995321511517004,FALSE
city_area_weighted_wind_speed_10m,city_area_weighted_wind_speed_10m_lag14,14,0.09414669320998915,0.1045490339137723,0.0923776195525354,0.09312873473567845,0.3002837355457607,0.0971091791074655,FALSE
city_area_weighted_wind_speed_10m,city_area_weighted_wind_speed_10m_lag15,15,0.08526303237610486,0.09760541655186868,0.07574424366234234,0.10796638804645897,0.3477421454725957,0.09086487625885493,FALSE
city_area_weighted_wind_speed_10m,city_area_weighted_wind_speed_10m_lag13,13,0.09059132313094072,0.09638752294689454,0.11468997643451928,0.03347793658177519,0.10806501617844144,0.088710092527953,FALSE
city_area_weighted_wind_speed_10m,city_area_weighted_wind_speed_10m_lag5,5,0.08094130172417387,0.08333918204186382,0.08675606319237658,0.036432608983458396,0.1186334710380437,0.07630290827014188,FALSE
city_area_weighted_wind_speed_10m,city_area_weighted_wind_speed_10m_lag4,4,0.07698934992785447,0.08227532098850579,0.06545527170570088,0.03804546688570459,0.12401928982506405,0.0705914579647625,FALSE
city_area_weighted_wind_speed_10m,city_area_weighted_wind_speed_10m_lag16,16,0.0659368576004513,0.07450317632391466,0.06750589675060628,0.05912583266498369,0.19022415108752627,0.0680130181920774,FALSE
city_area_weighted_wind_speed_10m,city_area_weighted_wind_speed_10m_lag3,3,0.05684455821690267,0.06787252677030861,0.04938819995962979,0.10836911173839199,0.35363905015740515,0.06686588874206376,FALSE
city_area_weighted_wind_speed_10m,city_area_weighted_wind_speed_10m_lag20,20,0.06817916331967358,0.06036352906803954,0.08469104017084922,0.03468284379969662,0.1110890619865721,0.06422974266287998,FALSE
city_area_weighted_wind_speed_10m,city_area_weighted_wind_speed_10m_lag19,19,0.038748132160593085,0.033681451731410746,0.06379818513915772,0.028348014749860873,0.09089997188157342,0.04077571980980799,FALSE
city_area_weighted_wind_speed_10m,city_area_weighted_wind_speed_10m_lag2,2,0.03757034721209423,0.04913321979799504,0.030940829257881795,0.012765255928312947,0.04170149589305668,0.03604930383959008,FALSE
city_area_weighted_wind_speed_10m,city_area_weighted_wind_speed_10m_lag1,1,0.010318392472810285,0.027562478715567666,0.016477389917662406,0.09790802819089282,0.3201893244600505,0.030302950523776507,FALSE
city_area_weighted_wind_speed_10m,city_area_weighted_wind_speed_10m_lag17,17,0.031090540820460907,0.03482265236715922,0.018615033799048396,0.012729528614374713,0.040909041945071084,0.02700626198430742,FALSE
city_area_weighted_wind_speed_10m,city_area_weighted_wind_speed_10m_lag18,18,5.7072663017827196e-5,0.0038295155746127037,0.018729274677179823,0.035715647418559815,0.11465238329945547,0.010397122836722922,FALSE
city_area_weighted_pop_density,city_area_weighted_pop_density_lag20,20,0.39158206183135436,0.3446974020481683,0.2053866341798707,0.17216165463642108,0.5514333498804861,0.3079469903863822,TRUE
city_area_weighted_pop_density,city_area_weighted_pop_density_lag19,19,0.38535123922884895,0.33903629456580003,0.2015632748850313,0.16997173527021317,0.5450267366573971,0.30297742954815465,TRUE
city_area_weighted_pop_density,city_area_weighted_pop_density_lag18,18,0.3791281281592602,0.3333801326998254,0.1977389717758686,0.16778041968628368,0.5385993645562066,0.2980113770654275,FALSE
city_area_weighted_pop_density,city_area_weighted_pop_density_lag17,17,0.37108125190151836,0.32663310468629475,0.19391364435360287,0.16558765841418085,0.532151085449935,0.2920790490410574,FALSE
city_area_weighted_pop_density,city_area_weighted_pop_density_lag16,16,0.36411100780806926,0.32051440743617005,0.1900872155406793,0.16339340410350198,0.5256817572680301,0.28671132110329517,FALSE
city_area_weighted_pop_density,city_area_weighted_pop_density_lag15,15,0.35754708366483706,0.3146433553659602,0.18625961158181073,0.16119761146160283,0.5191912438354744,0.28155935675226135,FALSE
city_area_weighted_pop_density,city_area_weighted_pop_density_lag14,14,0.35020278170161717,0.3083010674006203,0.1824307619488923,0.15900023719375123,0.5126794147181988,0.27599212683687563,FALSE
city_area_weighted_pop_density,city_area_weighted_pop_density_lag13,13,0.344062427212068,0.30269559767440757,0.17860059924962157,0.15680123994560352,0.5061461450747475,0.27106654175560985,FALSE
city_area_weighted_pop_density,city_area_weighted_pop_density_lag12,12,0.33636202501980017,0.2961483016577512,0.17476905913966573,0.15460058024790688,0.49959131551369035,0.26531159103220736,FALSE
city_area_weighted_pop_density,city_area_weighted_pop_density_lag11,11,0.3293039512743006,0.2899780687019472,0.17093608023822252,0.1523982204633414,0.4930148119566968,0.2598937551831796,FALSE
city_area_weighted_pop_density,city_area_weighted_pop_density_lag10,10,0.3218677504975764,0.28358444498739555,0.16710160404684213,0.15019412473540533,0.4864165255070777,0.254275721545064,FALSE
city_area_weighted_pop_density,city_area_weighted_pop_density_lag9,9,0.3163464125561185,0.2783784192269185,0.16326557487135362,0.14798825893925496,0.4797963523232938,0.24968331690296813,FALSE
city_area_weighted_pop_density,city_area_weighted_pop_density_lag8,8,0.31047732747598034,0.2729479739526828,0.1594279397467912,0.14578059063442636,0.4731541934976108,0.24490100704015902,FALSE
city_area_weighted_pop_density,city_area_weighted_pop_density_lag7,7,0.30676387871160593,0.26900505574020633,0.15558864836517863,0.14357108901935484,0.46648995493940837,0.24131854542841863,FALSE
city_area_weighted_pop_density,city_area_weighted_pop_density_lag6,6,0.3025779029186557,0.26472030361025806,0.15174765300606116,0.1413597248876184,0.4598035472630131,0.23746725264896454,FALSE
city_area_weighted_pop_density,city_area_weighted_pop_density_lag5,5,0.2980643409906738,0.2602048071534159,0.1479049084696709,0.13914647058583682,0.453094885679997,0.23343117167327843,FALSE
city_area_weighted_pop_density,city_area_weighted_pop_density_lag4,4,0.29271490041433307,0.2551197054634555,0.14406037201263097,0.13693129997316342,0.4463638898956119,0.22893072934882264,FALSE
city_area_weighted_pop_density,city_area_weighted_pop_density_lag3,3,0.2864800101467737,0.2494625694048026,0.14021400328607234,0.13471418838229743,0.4396104840092929,0.2239478352684107,FALSE
city_area_weighted_pop_density,city_area_weighted_pop_density_lag2,2,0.28302372791027947,0.24571534098931222,0.1363657642760948,0.1324951125819614,0.43283459641899036,0.22050948111912308,FALSE
city_area_weighted_pop_density,city_area_weighted_pop_density_lag1,1,0.2784881946683169,0.2411868659168084,0.13251561924645922,0.13027405074078569,0.4260361597293021,0.21645805949447888,FALSE
city_area_weighted_flood_risk_index,city_area_weighted_flood_risk_index_lag1,1,NA,NA,NA,NA,NA,NA,FALSE
city_area_weighted_flood_risk_index,city_area_weighted_flood_risk_index_lag2,2,NA,NA,NA,NA,NA,NA,FALSE
city_area_weighted_flood_risk_index,city_area_weighted_flood_risk_index_lag3,3,NA,NA,NA,NA,NA,NA,FALSE
city_area_weighted_flood_risk_index,city_area_weighted_flood_risk_index_lag4,4,NA,NA,NA,NA,NA,NA,FALSE
city_area_weighted_flood_risk_index,city_area_weighted_flood_risk_index_lag5,5,NA,NA,NA,NA,NA,NA,FALSE
city_area_weighted_flood_risk_index,city_area_weighted_flood_risk_index_lag6,6,NA,NA,NA,NA,NA,NA,FALSE
city_area_weighted_flood_risk_index,city_area_weighted_flood_risk_index_lag7,7,NA,NA,NA,NA,NA,NA,FALSE
city_area_weighted_flood_risk_index,city_area_weighted_flood_risk_index_lag8,8,NA,NA,NA,NA,NA,NA,FALSE
city_area_weighted_flood_risk_index,city_area_weighted_flood_risk_index_lag9,9,NA,NA,NA,NA,NA,NA,FALSE
city_area_weighted_flood_risk_index,city_area_weighted_flood_risk_index_lag10,10,NA,NA,NA,NA,NA,NA,FALSE
city_area_weighted_flood_risk_index,city_area_weighted_flood_risk_index_lag11,11,NA,NA,NA,NA,NA,NA,FALSE
city_area_weighted_flood_risk_index,city_area_weighted_flood_risk_index_lag12,12,NA,NA,NA,NA,NA,NA,FALSE
city_area_weighted_flood_risk_index,city_area_weighted_flood_risk_index_lag13,13,NA,NA,NA,NA,NA,NA,FALSE
city_area_weighted_flood_risk_index,city_area_weighted_flood_risk_index_lag14,14,NA,NA,NA,NA,NA,NA,FALSE
city_area_weighted_flood_risk_index,city_area_weighted_flood_risk_index_lag15,15,NA,NA,NA,NA,NA,NA,FALSE
city_area_weighted_flood_risk_index,city_area_weighted_flood_risk_index_lag16,16,NA,NA,NA,NA,NA,NA,FALSE
city_area_weighted_flood_risk_index,city_area_weighted_flood_risk_index_lag17,17,NA,NA,NA,NA,NA,NA,FALSE
city_area_weighted_flood_risk_index,city_area_weighted_flood_risk_index_lag18,18,NA,NA,NA,NA,NA,NA,FALSE
city_area_weighted_flood_risk_index,city_area_weighted_flood_risk_index_lag19,19,NA,NA,NA,NA,NA,NA,FALSE
city_area_weighted_flood_risk_index,city_area_weighted_flood_risk_index_lag20,20,NA,NA,NA,NA,NA,NA,FALSE
city_area_weighted_percent_annual_crop,city_area_weighted_percent_annual_crop_lag1,1,NA,NA,NA,NA,NA,NA,FALSE
city_area_weighted_percent_annual_crop,city_area_weighted_percent_annual_crop_lag2,2,NA,NA,NA,NA,NA,NA,FALSE
city_area_weighted_percent_annual_crop,city_area_weighted_percent_annual_crop_lag3,3,NA,NA,NA,NA,NA,NA,FALSE
city_area_weighted_percent_annual_crop,city_area_weighted_percent_annual_crop_lag4,4,NA,NA,NA,NA,NA,NA,FALSE
city_area_weighted_percent_annual_crop,city_area_weighted_percent_annual_crop_lag5,5,NA,NA,NA,NA,NA,NA,FALSE
city_area_weighted_percent_annual_crop,city_area_weighted_percent_annual_crop_lag6,6,NA,NA,NA,NA,NA,NA,FALSE
city_area_weighted_percent_annual_crop,city_area_weighted_percent_annual_crop_lag7,7,NA,NA,NA,NA,NA,NA,FALSE
city_area_weighted_percent_annual_crop,city_area_weighted_percent_annual_crop_lag8,8,NA,NA,NA,NA,NA,NA,FALSE
city_area_weighted_percent_annual_crop,city_area_weighted_percent_annual_crop_lag9,9,NA,NA,NA,NA,NA,NA,FALSE
city_area_weighted_percent_annual_crop,city_area_weighted_percent_annual_crop_lag10,10,NA,NA,NA,NA,NA,NA,FALSE
city_area_weighted_percent_annual_crop,city_area_weighted_percent_annual_crop_lag11,11,NA,NA,NA,NA,NA,NA,FALSE
city_area_weighted_percent_annual_crop,city_area_weighted_percent_annual_crop_lag12,12,NA,NA,NA,NA,NA,NA,FALSE
city_area_weighted_percent_annual_crop,city_area_weighted_percent_annual_crop_lag13,13,NA,NA,NA,NA,NA,NA,FALSE
city_area_weighted_percent_annual_crop,city_area_weighted_percent_annual_crop_lag14,14,NA,NA,NA,NA,NA,NA,FALSE
city_area_weighted_percent_annual_crop,city_area_weighted_percent_annual_crop_lag15,15,NA,NA,NA,NA,NA,NA,FALSE
city_area_weighted_percent_annual_crop,city_area_weighted_percent_annual_crop_lag16,16,NA,NA,NA,NA,NA,NA,FALSE
city_area_weighted_percent_annual_crop,city_area_weighted_percent_annual_crop_lag17,17,NA,NA,NA,NA,NA,NA,FALSE
city_area_weighted_percent_annual_crop,city_area_weighted_percent_annual_crop_lag18,18,NA,NA,NA,NA,NA,NA,FALSE
city_area_weighted_percent_annual_crop,city_area_weighted_percent_annual_crop_lag19,19,NA,NA,NA,NA,NA,NA,FALSE
city_area_weighted_percent_annual_crop,city_area_weighted_percent_annual_crop_lag20,20,NA,NA,NA,NA,NA,NA,FALSE
city_area_weighted_percent_brush_shrubs,city_area_weighted_percent_brush_shrubs_lag1,1,NA,NA,NA,NA,NA,NA,FALSE
city_area_weighted_percent_brush_shrubs,city_area_weighted_percent_brush_shrubs_lag2,2,NA,NA,NA,NA,NA,NA,FALSE
city_area_weighted_percent_brush_shrubs,city_area_weighted_percent_brush_shrubs_lag3,3,NA,NA,NA,NA,NA,NA,FALSE
city_area_weighted_percent_brush_shrubs,city_area_weighted_percent_brush_shrubs_lag4,4,NA,NA,NA,NA,NA,NA,FALSE
city_area_weighted_percent_brush_shrubs,city_area_weighted_percent_brush_shrubs_lag5,5,NA,NA,NA,NA,NA,NA,FALSE
city_area_weighted_percent_brush_shrubs,city_area_weighted_percent_brush_shrubs_lag6,6,NA,NA,NA,NA,NA,NA,FALSE
city_area_weighted_percent_brush_shrubs,city_area_weighted_percent_brush_shrubs_lag7,7,NA,NA,NA,NA,NA,NA,FALSE
city_area_weighted_percent_brush_shrubs,city_area_weighted_percent_brush_shrubs_lag8,8,NA,NA,NA,NA,NA,NA,FALSE
city_area_weighted_percent_brush_shrubs,city_area_weighted_percent_brush_shrubs_lag9,9,NA,NA,NA,NA,NA,NA,FALSE
city_area_weighted_percent_brush_shrubs,city_area_weighted_percent_brush_shrubs_lag10,10,NA,NA,NA,NA,NA,NA,FALSE
city_area_weighted_percent_brush_shrubs,city_area_weighted_percent_brush_shrubs_lag11,11,NA,NA,NA,NA,NA,NA,FALSE
city_area_weighted_percent_brush_shrubs,city_area_weighted_percent_brush_shrubs_lag12,12,NA,NA,NA,NA,NA,NA,FALSE
city_area_weighted_percent_brush_shrubs,city_area_weighted_percent_brush_shrubs_lag13,13,NA,NA,NA,NA,NA,NA,FALSE
city_area_weighted_percent_brush_shrubs,city_area_weighted_percent_brush_shrubs_lag14,14,NA,NA,NA,NA,NA,NA,FALSE
city_area_weighted_percent_brush_shrubs,city_area_weighted_percent_brush_shrubs_lag15,15,NA,NA,NA,NA,NA,NA,FALSE
city_area_weighted_percent_brush_shrubs,city_area_weighted_percent_brush_shrubs_lag16,16,NA,NA,NA,NA,NA,NA,FALSE
city_area_weighted_percent_brush_shrubs,city_area_weighted_percent_brush_shrubs_lag17,17,NA,NA,NA,NA,NA,NA,FALSE
city_area_weighted_percent_brush_shrubs,city_area_weighted_percent_brush_shrubs_lag18,18,NA,NA,NA,NA,NA,NA,FALSE
city_area_weighted_percent_brush_shrubs,city_area_weighted_percent_brush_shrubs_lag19,19,NA,NA,NA,NA,NA,NA,FALSE
city_area_weighted_percent_brush_shrubs,city_area_weighted_percent_brush_shrubs_lag20,20,NA,NA,NA,NA,NA,NA,FALSE
city_area_weighted_percent_built_up,city_area_weighted_percent_built_up_lag1,1,NA,NA,NA,NA,NA,NA,FALSE
city_area_weighted_percent_built_up,city_area_weighted_percent_built_up_lag2,2,NA,NA,NA,NA,NA,NA,FALSE
city_area_weighted_percent_built_up,city_area_weighted_percent_built_up_lag3,3,NA,NA,NA,NA,NA,NA,FALSE
city_area_weighted_percent_built_up,city_area_weighted_percent_built_up_lag4,4,NA,NA,NA,NA,NA,NA,FALSE
city_area_weighted_percent_built_up,city_area_weighted_percent_built_up_lag5,5,NA,NA,NA,NA,NA,NA,FALSE
city_area_weighted_percent_built_up,city_area_weighted_percent_built_up_lag6,6,NA,NA,NA,NA,NA,NA,FALSE
city_area_weighted_percent_built_up,city_area_weighted_percent_built_up_lag7,7,NA,NA,NA,NA,NA,NA,FALSE
city_area_weighted_percent_built_up,city_area_weighted_percent_built_up_lag8,8,NA,NA,NA,NA,NA,NA,FALSE
city_area_weighted_percent_built_up,city_area_weighted_percent_built_up_lag9,9,NA,NA,NA,NA,NA,NA,FALSE
city_area_weighted_percent_built_up,city_area_weighted_percent_built_up_lag10,10,NA,NA,NA,NA,NA,NA,FALSE
city_area_weighted_percent_built_up,city_area_weighted_percent_built_up_lag11,11,NA,NA,NA,NA,NA,NA,FALSE
city_area_weighted_percent_built_up,city_area_weighted_percent_built_up_lag12,12,NA,NA,NA,NA,NA,NA,FALSE
city_area_weighted_percent_built_up,city_area_weighted_percent_built_up_lag13,13,NA,NA,NA,NA,NA,NA,FALSE
city_area_weighted_percent_built_up,city_area_weighted_percent_built_up_lag14,14,NA,NA,NA,NA,NA,NA,FALSE
city_area_weighted_percent_built_up,city_area_weighted_percent_built_up_lag15,15,NA,NA,NA,NA,NA,NA,FALSE
city_area_weighted_percent_built_up,city_area_weighted_percent_built_up_lag16,16,NA,NA,NA,NA,NA,NA,FALSE
city_area_weighted_percent_built_up,city_area_weighted_percent_built_up_lag17,17,NA,NA,NA,NA,NA,NA,FALSE
city_area_weighted_percent_built_up,city_area_weighted_percent_built_up_lag18,18,NA,NA,NA,NA,NA,NA,FALSE
city_area_weighted_percent_built_up,city_area_weighted_percent_built_up_lag19,19,NA,NA,NA,NA,NA,NA,FALSE
city_area_weighted_percent_built_up,city_area_weighted_percent_built_up_lag20,20,NA,NA,NA,NA,NA,NA,FALSE
city_area_weighted_percent_inland_water,city_area_weighted_percent_inland_water_lag1,1,NA,NA,NA,NA,NA,NA,FALSE
city_area_weighted_percent_inland_water,city_area_weighted_percent_inland_water_lag2,2,NA,NA,NA,NA,NA,NA,FALSE
city_area_weighted_percent_inland_water,city_area_weighted_percent_inland_water_lag3,3,NA,NA,NA,NA,NA,NA,FALSE
city_area_weighted_percent_inland_water,city_area_weighted_percent_inland_water_lag4,4,NA,NA,NA,NA,NA,NA,FALSE
city_area_weighted_percent_inland_water,city_area_weighted_percent_inland_water_lag5,5,NA,NA,NA,NA,NA,NA,FALSE
city_area_weighted_percent_inland_water,city_area_weighted_percent_inland_water_lag6,6,NA,NA,NA,NA,NA,NA,FALSE
city_area_weighted_percent_inland_water,city_area_weighted_percent_inland_water_lag7,7,NA,NA,NA,NA,NA,NA,FALSE
city_area_weighted_percent_inland_water,city_area_weighted_percent_inland_water_lag8,8,NA,NA,NA,NA,NA,NA,FALSE
city_area_weighted_percent_inland_water,city_area_weighted_percent_inland_water_lag9,9,NA,NA,NA,NA,NA,NA,FALSE
city_area_weighted_percent_inland_water,city_area_weighted_percent_inland_water_lag10,10,NA,NA,NA,NA,NA,NA,FALSE
city_area_weighted_percent_inland_water,city_area_weighted_percent_inland_water_lag11,11,NA,NA,NA,NA,NA,NA,FALSE
city_area_weighted_percent_inland_water,city_area_weighted_percent_inland_water_lag12,12,NA,NA,NA,NA,NA,NA,FALSE
city_area_weighted_percent_inland_water,city_area_weighted_percent_inland_water_lag13,13,NA,NA,NA,NA,NA,NA,FALSE
city_area_weighted_percent_inland_water,city_area_weighted_percent_inland_water_lag14,14,NA,NA,NA,NA,NA,NA,FALSE
city_area_weighted_percent_inland_water,city_area_weighted_percent_inland_water_lag15,15,NA,NA,NA,NA,NA,NA,FALSE
city_area_weighted_percent_inland_water,city_area_weighted_percent_inland_water_lag16,16,NA,NA,NA,NA,NA,NA,FALSE
city_area_weighted_percent_inland_water,city_area_weighted_percent_inland_water_lag17,17,NA,NA,NA,NA,NA,NA,FALSE
city_area_weighted_percent_inland_water,city_area_weighted_percent_inland_water_lag18,18,NA,NA,NA,NA,NA,NA,FALSE
city_area_weighted_percent_inland_water,city_area_weighted_percent_inland_water_lag19,19,NA,NA,NA,NA,NA,NA,FALSE
city_area_weighted_percent_inland_water,city_area_weighted_percent_inland_water_lag20,20,NA,NA,NA,NA,NA,NA,FALSE
city_area_weighted_percent_open_forest,city_area_weighted_percent_open_forest_lag1,1,NA,NA,NA,NA,NA,NA,FALSE
city_area_weighted_percent_open_forest,city_area_weighted_percent_open_forest_lag2,2,NA,NA,NA,NA,NA,NA,FALSE
city_area_weighted_percent_open_forest,city_area_weighted_percent_open_forest_lag3,3,NA,NA,NA,NA,NA,NA,FALSE
city_area_weighted_percent_open_forest,city_area_weighted_percent_open_forest_lag4,4,NA,NA,NA,NA,NA,NA,FALSE
city_area_weighted_percent_open_forest,city_area_weighted_percent_open_forest_lag5,5,NA,NA,NA,NA,NA,NA,FALSE
city_area_weighted_percent_open_forest,city_area_weighted_percent_open_forest_lag6,6,NA,NA,NA,NA,NA,NA,FALSE
city_area_weighted_percent_open_forest,city_area_weighted_percent_open_forest_lag7,7,NA,NA,NA,NA,NA,NA,FALSE
city_area_weighted_percent_open_forest,city_area_weighted_percent_open_forest_lag8,8,NA,NA,NA,NA,NA,NA,FALSE
city_area_weighted_percent_open_forest,city_area_weighted_percent_open_forest_lag9,9,NA,NA,NA,NA,NA,NA,FALSE
city_area_weighted_percent_open_forest,city_area_weighted_percent_open_forest_lag10,10,NA,NA,NA,NA,NA,NA,FALSE
city_area_weighted_percent_open_forest,city_area_weighted_percent_open_forest_lag11,11,NA,NA,NA,NA,NA,NA,FALSE
city_area_weighted_percent_open_forest,city_area_weighted_percent_open_forest_lag12,12,NA,NA,NA,NA,NA,NA,FALSE
city_area_weighted_percent_open_forest,city_area_weighted_percent_open_forest_lag13,13,NA,NA,NA,NA,NA,NA,FALSE
city_area_weighted_percent_open_forest,city_area_weighted_percent_open_forest_lag14,14,NA,NA,NA,NA,NA,NA,FALSE
city_area_weighted_percent_open_forest,city_area_weighted_percent_open_forest_lag15,15,NA,NA,NA,NA,NA,NA,FALSE
city_area_weighted_percent_open_forest,city_area_weighted_percent_open_forest_lag16,16,NA,NA,NA,NA,NA,NA,FALSE
city_area_weighted_percent_open_forest,city_area_weighted_percent_open_forest_lag17,17,NA,NA,NA,NA,NA,NA,FALSE
city_area_weighted_percent_open_forest,city_area_weighted_percent_open_forest_lag18,18,NA,NA,NA,NA,NA,NA,FALSE
city_area_weighted_percent_open_forest,city_area_weighted_percent_open_forest_lag19,19,NA,NA,NA,NA,NA,NA,FALSE
city_area_weighted_percent_open_forest,city_area_weighted_percent_open_forest_lag20,20,NA,NA,NA,NA,NA,NA,FALSE
city_area_weighted_percent_perennial_crop,city_area_weighted_percent_perennial_crop_lag1,1,NA,NA,NA,NA,NA,NA,FALSE
city_area_weighted_percent_perennial_crop,city_area_weighted_percent_perennial_crop_lag2,2,NA,NA,NA,NA,NA,NA,FALSE
city_area_weighted_percent_perennial_crop,city_area_weighted_percent_perennial_crop_lag3,3,NA,NA,NA,NA,NA,NA,FALSE
city_area_weighted_percent_perennial_crop,city_area_weighted_percent_perennial_crop_lag4,4,NA,NA,NA,NA,NA,NA,FALSE
city_area_weighted_percent_perennial_crop,city_area_weighted_percent_perennial_crop_lag5,5,NA,NA,NA,NA,NA,NA,FALSE
city_area_weighted_percent_perennial_crop,city_area_weighted_percent_perennial_crop_lag6,6,NA,NA,NA,NA,NA,NA,FALSE
city_area_weighted_percent_perennial_crop,city_area_weighted_percent_perennial_crop_lag7,7,NA,NA,NA,NA,NA,NA,FALSE
city_area_weighted_percent_perennial_crop,city_area_weighted_percent_perennial_crop_lag8,8,NA,NA,NA,NA,NA,NA,FALSE
city_area_weighted_percent_perennial_crop,city_area_weighted_percent_perennial_crop_lag9,9,NA,NA,NA,NA,NA,NA,FALSE
city_area_weighted_percent_perennial_crop,city_area_weighted_percent_perennial_crop_lag10,10,NA,NA,NA,NA,NA,NA,FALSE
city_area_weighted_percent_perennial_crop,city_area_weighted_percent_perennial_crop_lag11,11,NA,NA,NA,NA,NA,NA,FALSE
city_area_weighted_percent_perennial_crop,city_area_weighted_percent_perennial_crop_lag12,12,NA,NA,NA,NA,NA,NA,FALSE
city_area_weighted_percent_perennial_crop,city_area_weighted_percent_perennial_crop_lag13,13,NA,NA,NA,NA,NA,NA,FALSE
city_area_weighted_percent_perennial_crop,city_area_weighted_percent_perennial_crop_lag14,14,NA,NA,NA,NA,NA,NA,FALSE
city_area_weighted_percent_perennial_crop,city_area_weighted_percent_perennial_crop_lag15,15,NA,NA,NA,NA,NA,NA,FALSE
city_area_weighted_percent_perennial_crop,city_area_weighted_percent_perennial_crop_lag16,16,NA,NA,NA,NA,NA,NA,FALSE
city_area_weighted_percent_perennial_crop,city_area_weighted_percent_perennial_crop_lag17,17,NA,NA,NA,NA,NA,NA,FALSE
city_area_weighted_percent_perennial_crop,city_area_weighted_percent_perennial_crop_lag18,18,NA,NA,NA,NA,NA,NA,FALSE
city_area_weighted_percent_perennial_crop,city_area_weighted_percent_perennial_crop_lag19,19,NA,NA,NA,NA,NA,NA,FALSE
city_area_weighted_percent_perennial_crop,city_area_weighted_percent_perennial_crop_lag20,20,NA,NA,NA,NA,NA,NA,FALSE
city_area_weighted_percent_open_barren,city_area_weighted_percent_open_barren_lag1,1,NA,NA,NA,NA,NA,NA,FALSE
city_area_weighted_percent_open_barren,city_area_weighted_percent_open_barren_lag2,2,NA,NA,NA,NA,NA,NA,FALSE
city_area_weighted_percent_open_barren,city_area_weighted_percent_open_barren_lag3,3,NA,NA,NA,NA,NA,NA,FALSE
city_area_weighted_percent_open_barren,city_area_weighted_percent_open_barren_lag4,4,NA,NA,NA,NA,NA,NA,FALSE
city_area_weighted_percent_open_barren,city_area_weighted_percent_open_barren_lag5,5,NA,NA,NA,NA,NA,NA,FALSE
city_area_weighted_percent_open_barren,city_area_weighted_percent_open_barren_lag6,6,NA,NA,NA,NA,NA,NA,FALSE
city_area_weighted_percent_open_barren,city_area_weighted_percent_open_barren_lag7,7,NA,NA,NA,NA,NA,NA,FALSE
city_area_weighted_percent_open_barren,city_area_weighted_percent_open_barren_lag8,8,NA,NA,NA,NA,NA,NA,FALSE
city_area_weighted_percent_open_barren,city_area_weighted_percent_open_barren_lag9,9,NA,NA,NA,NA,NA,NA,FALSE
city_area_weighted_percent_open_barren,city_area_weighted_percent_open_barren_lag10,10,NA,NA,NA,NA,NA,NA,FALSE
city_area_weighted_percent_open_barren,city_area_weighted_percent_open_barren_lag11,11,NA,NA,NA,NA,NA,NA,FALSE
city_area_weighted_percent_open_barren,city_area_weighted_percent_open_barren_lag12,12,NA,NA,NA,NA,NA,NA,FALSE
city_area_weighted_percent_open_barren,city_area_weighted_percent_open_barren_lag13,13,NA,NA,NA,NA,NA,NA,FALSE
city_area_weighted_percent_open_barren,city_area_weighted_percent_open_barren_lag14,14,NA,NA,NA,NA,NA,NA,FALSE
city_area_weighted_percent_open_barren,city_area_weighted_percent_open_barren_lag15,15,NA,NA,NA,NA,NA,NA,FALSE
city_area_weighted_percent_open_barren,city_area_weighted_percent_open_barren_lag16,16,NA,NA,NA,NA,NA,NA,FALSE
city_area_weighted_percent_open_barren,city_area_weighted_percent_open_barren_lag17,17,NA,NA,NA,NA,NA,NA,FALSE
city_area_weighted_percent_open_barren,city_area_weighted_percent_open_barren_lag18,18,NA,NA,NA,NA,NA,NA,FALSE
city_area_weighted_percent_open_barren,city_area_weighted_percent_open_barren_lag19,19,NA,NA,NA,NA,NA,NA,FALSE
city_area_weighted_percent_open_barren,city_area_weighted_percent_open_barren_lag20,20,NA,NA,NA,NA,NA,NA,FALSE
city_area_weighted_percent_fishpond,city_area_weighted_percent_fishpond_lag1,1,NA,NA,NA,NA,NA,NA,FALSE
city_area_weighted_percent_fishpond,city_area_weighted_percent_fishpond_lag2,2,NA,NA,NA,NA,NA,NA,FALSE
city_area_weighted_percent_fishpond,city_area_weighted_percent_fishpond_lag3,3,NA,NA,NA,NA,NA,NA,FALSE
city_area_weighted_percent_fishpond,city_area_weighted_percent_fishpond_lag4,4,NA,NA,NA,NA,NA,NA,FALSE
city_area_weighted_percent_fishpond,city_area_weighted_percent_fishpond_lag5,5,NA,NA,NA,NA,NA,NA,FALSE
city_area_weighted_percent_fishpond,city_area_weighted_percent_fishpond_lag6,6,NA,NA,NA,NA,NA,NA,FALSE
city_area_weighted_percent_fishpond,city_area_weighted_percent_fishpond_lag7,7,NA,NA,NA,NA,NA,NA,FALSE
city_area_weighted_percent_fishpond,city_area_weighted_percent_fishpond_lag8,8,NA,NA,NA,NA,NA,NA,FALSE
city_area_weighted_percent_fishpond,city_area_weighted_percent_fishpond_lag9,9,NA,NA,NA,NA,NA,NA,FALSE
city_area_weighted_percent_fishpond,city_area_weighted_percent_fishpond_lag10,10,NA,NA,NA,NA,NA,NA,FALSE
city_area_weighted_percent_fishpond,city_area_weighted_percent_fishpond_lag11,11,NA,NA,NA,NA,NA,NA,FALSE
city_area_weighted_percent_fishpond,city_area_weighted_percent_fishpond_lag12,12,NA,NA,NA,NA,NA,NA,FALSE
city_area_weighted_percent_fishpond,city_area_weighted_percent_fishpond_lag13,13,NA,NA,NA,NA,NA,NA,FALSE
city_area_weighted_percent_fishpond,city_area_weighted_percent_fishpond_lag14,14,NA,NA,NA,NA,NA,NA,FALSE
city_area_weighted_percent_fishpond,city_area_weighted_percent_fishpond_lag15,15,NA,NA,NA,NA,NA,NA,FALSE
city_area_weighted_percent_fishpond,city_area_weighted_percent_fishpond_lag16,16,NA,NA,NA,NA,NA,NA,FALSE
city_area_weighted_percent_fishpond,city_area_weighted_percent_fishpond_lag17,17,NA,NA,NA,NA,NA,NA,FALSE
city_area_weighted_percent_fishpond,city_area_weighted_percent_fishpond_lag18,18,NA,NA,NA,NA,NA,NA,FALSE
city_area_weighted_percent_fishpond,city_area_weighted_percent_fishpond_lag19,19,NA,NA,NA,NA,NA,NA,FALSE
city_area_weighted_percent_fishpond,city_area_weighted_percent_fishpond_lag20,20,NA,NA,NA,NA,NA,NA,FALSE
city_area_weighted_percent_grassland,city_area_weighted_percent_grassland_lag1,1,NA,NA,NA,NA,NA,NA,FALSE
city_area_weighted_percent_grassland,city_area_weighted_percent_grassland_lag2,2,NA,NA,NA,NA,NA,NA,FALSE
city_area_weighted_percent_grassland,city_area_weighted_percent_grassland_lag3,3,NA,NA,NA,NA,NA,NA,FALSE
city_area_weighted_percent_grassland,city_area_weighted_percent_grassland_lag4,4,NA,NA,NA,NA,NA,NA,FALSE
city_area_weighted_percent_grassland,city_area_weighted_percent_grassland_lag5,5,NA,NA,NA,NA,NA,NA,FALSE
city_area_weighted_percent_grassland,city_area_weighted_percent_grassland_lag6,6,NA,NA,NA,NA,NA,NA,FALSE
city_area_weighted_percent_grassland,city_area_weighted_percent_grassland_lag7,7,NA,NA,NA,NA,NA,NA,FALSE
city_area_weighted_percent_grassland,city_area_weighted_percent_grassland_lag8,8,NA,NA,NA,NA,NA,NA,FALSE
city_area_weighted_percent_grassland,city_area_weighted_percent_grassland_lag9,9,NA,NA,NA,NA,NA,NA,FALSE
city_area_weighted_percent_grassland,city_area_weighted_percent_grassland_lag10,10,NA,NA,NA,NA,NA,NA,FALSE
city_area_weighted_percent_grassland,city_area_weighted_percent_grassland_lag11,11,NA,NA,NA,NA,NA,NA,FALSE
city_area_weighted_percent_grassland,city_area_weighted_percent_grassland_lag12,12,NA,NA,NA,NA,NA,NA,FALSE
city_area_weighted_percent_grassland,city_area_weighted_percent_grassland_lag13,13,NA,NA,NA,NA,NA,NA,FALSE
city_area_weighted_percent_grassland,city_area_weighted_percent_grassland_lag14,14,NA,NA,NA,NA,NA,NA,FALSE
city_area_weighted_percent_grassland,city_area_weighted_percent_grassland_lag15,15,NA,NA,NA,NA,NA,NA,FALSE
city_area_weighted_percent_grassland,city_area_weighted_percent_grassland_lag16,16,NA,NA,NA,NA,NA,NA,FALSE
city_area_weighted_percent_grassland,city_area_weighted_percent_grassland_lag17,17,NA,NA,NA,NA,NA,NA,FALSE
city_area_weighted_percent_grassland,city_area_weighted_percent_grassland_lag18,18,NA,NA,NA,NA,NA,NA,FALSE
city_area_weighted_percent_grassland,city_area_weighted_percent_grassland_lag19,19,NA,NA,NA,NA,NA,NA,FALSE
city_area_weighted_percent_grassland,city_area_weighted_percent_grassland_lag20,20,NA,NA,NA,NA,NA,NA,FALSE
city_area_weighted_percent_mangrove_forest,city_area_weighted_percent_mangrove_forest_lag1,1,NA,NA,NA,NA,NA,NA,FALSE
city_area_weighted_percent_mangrove_forest,city_area_weighted_percent_mangrove_forest_lag2,2,NA,NA,NA,NA,NA,NA,FALSE
city_area_weighted_percent_mangrove_forest,city_area_weighted_percent_mangrove_forest_lag3,3,NA,NA,NA,NA,NA,NA,FALSE
city_area_weighted_percent_mangrove_forest,city_area_weighted_percent_mangrove_forest_lag4,4,NA,NA,NA,NA,NA,NA,FALSE
city_area_weighted_percent_mangrove_forest,city_area_weighted_percent_mangrove_forest_lag5,5,NA,NA,NA,NA,NA,NA,FALSE
city_area_weighted_percent_mangrove_forest,city_area_weighted_percent_mangrove_forest_lag6,6,NA,NA,NA,NA,NA,NA,FALSE
city_area_weighted_percent_mangrove_forest,city_area_weighted_percent_mangrove_forest_lag7,7,NA,NA,NA,NA,NA,NA,FALSE
city_area_weighted_percent_mangrove_forest,city_area_weighted_percent_mangrove_forest_lag8,8,NA,NA,NA,NA,NA,NA,FALSE
city_area_weighted_percent_mangrove_forest,city_area_weighted_percent_mangrove_forest_lag9,9,NA,NA,NA,NA,NA,NA,FALSE
city_area_weighted_percent_mangrove_forest,city_area_weighted_percent_mangrove_forest_lag10,10,NA,NA,NA,NA,NA,NA,FALSE
city_area_weighted_percent_mangrove_forest,city_area_weighted_percent_mangrove_forest_lag11,11,NA,NA,NA,NA,NA,NA,FALSE
city_area_weighted_percent_mangrove_forest,city_area_weighted_percent_mangrove_forest_lag12,12,NA,NA,NA,NA,NA,NA,FALSE
city_area_weighted_percent_mangrove_forest,city_area_weighted_percent_mangrove_forest_lag13,13,NA,NA,NA,NA,NA,NA,FALSE
city_area_weighted_percent_mangrove_forest,city_area_weighted_percent_mangrove_forest_lag14,14,NA,NA,NA,NA,NA,NA,FALSE
city_area_weighted_percent_mangrove_forest,city_area_weighted_percent_mangrove_forest_lag15,15,NA,NA,NA,NA,NA,NA,FALSE
city_area_weighted_percent_mangrove_forest,city_area_weighted_percent_mangrove_forest_lag16,16,NA,NA,NA,NA,NA,NA,FALSE
city_area_weighted_percent_mangrove_forest,city_area_weighted_percent_mangrove_forest_lag17,17,NA,NA,NA,NA,NA,NA,FALSE
city_area_weighted_percent_mangrove_forest,city_area_weighted_percent_mangrove_forest_lag18,18,NA,NA,NA,NA,NA,NA,FALSE
city_area_weighted_percent_mangrove_forest,city_area_weighted_percent_mangrove_forest_lag19,19,NA,NA,NA,NA,NA,NA,FALSE
city_area_weighted_percent_mangrove_forest,city_area_weighted_percent_mangrove_forest_lag20,20,NA,NA,NA,NA,NA,NA,FALSE
city_pop_density,city_pop_density_lag20,20,0.39158206183135436,0.34469740204816834,0.20538663417987058,0.17216165463642139,0.5514333498804861,0.3079469903863822,TRUE
city_pop_density,city_pop_density_lag19,19,0.38535123922884884,0.3390362945657999,0.20156327488503126,0.16997173527021323,0.5450267366574051,0.30297742954815476,TRUE
city_pop_density,city_pop_density_lag18,18,0.37912812815926,0.33338013269982525,0.19773897177586855,0.1677804196862833,0.5385993645562146,0.29801137706542746,FALSE
city_pop_density,city_pop_density_lag17,17,0.3710812519015182,0.3266331046862946,0.1939136443536028,0.16558765841418066,0.5321510854499271,0.29207904904105714,FALSE
city_pop_density,city_pop_density_lag16,16,0.36411100780806915,0.32051440743616993,0.19008721554067928,0.16339340410350217,0.525681757268038,0.2867113211032953,FALSE
city_pop_density,city_pop_density_lag15,15,0.35754708366483684,0.31464335536596005,0.18625961158181054,0.16119761146160283,0.5191912438354744,0.2815593567522612,FALSE
city_pop_density,city_pop_density_lag14,14,0.350202781701617,0.30830106740062013,0.18243076194889207,0.15900023719375125,0.5126794147182068,0.2759921268368756,FALSE
city_pop_density,city_pop_density_lag13,13,0.34406242721206787,0.30269559767440746,0.17860059924962146,0.1568012399456037,0.5061461450747476,0.27106654175560974,FALSE
city_pop_density,city_pop_density_lag12,12,0.33636202501980017,0.29614830165775125,0.17476905913966562,0.15460058024790718,0.49959131551368247,0.2653115910322073,FALSE
city_pop_density,city_pop_density_lag11,11,0.32930395127430057,0.2899780687019471,0.1709360802382223,0.15239822046334112,0.49301481195670466,0.25989375518317964,FALSE
city_pop_density,city_pop_density_lag10,10,0.32186775049757615,0.2835844449873953,0.16710160404684193,0.1501941247354051,0.4864165255070777,0.2542757215450638,FALSE
city_pop_density,city_pop_density_lag9,9,0.31634641255611834,0.27837841922691836,0.16326557487135354,0.1479882589392547,0.47979635232329376,0.249683316902968,FALSE
city_pop_density,city_pop_density_lag8,8,0.3104773274759801,0.27294797395268255,0.1594279397467907,0.14578059063442633,0.47315419349761867,0.24490100704015888,FALSE
city_pop_density,city_pop_density_lag7,7,0.30676387871160554,0.26900505574020595,0.1555886483651782,0.1435710890193548,0.4664899549394005,0.24131854542841819,FALSE
city_pop_density,city_pop_density_lag6,6,0.30257790291865544,0.26472030361025783,0.15174765300606086,0.14135972488761833,0.4598035472630052,0.23746725264896418,FALSE
city_pop_density,city_pop_density_lag5,5,0.29806434099067347,0.26020480715341543,0.14790490846967053,0.1391464705858365,0.453094885679997,0.23343117167327804,FALSE
city_pop_density,city_pop_density_lag4,4,0.2927149004143327,0.255119705463455,0.1440603720126305,0.1369312999731633,0.4463638898956118,0.22893072934882225,FALSE
city_pop_density,city_pop_density_lag3,3,0.28648001014677327,0.24946256940480216,0.1402140032860719,0.1347141883822971,0.43961048400928504,0.22394783526841014,FALSE
city_pop_density,city_pop_density_lag2,2,0.2830237279102791,0.24571534098931183,0.13636576427609445,0.13249511258196098,0.4328345964189903,0.22050948111912272,FALSE
city_pop_density,city_pop_density_lag1,1,0.27848819466831654,0.24118686591680796,0.1325156192464592,0.13027405074078524,0.4260361597292942,0.21645805949447844,FALSE
